"ind","main.effect","mean","sd","sem","sp","jolyid"
"ACEPEN01_HF","chill0",24.25,6.7515430335097,3.37577151675485,"ACEPEN","Acer_pensylvanicum_MA_01"
"ACEPEN01_HF","chill1",14.25,1.5,0.75,"ACEPEN","Acer_pensylvanicum_MA_01"
"ACEPEN01_HF","chill2",17,4.96655480858378,2.48327740429189,"ACEPEN","Acer_pensylvanicum_MA_01"
"ACEPEN01_HF","12",16.5,5.39444158370447,2.20227155455452,"ACEPEN","Acer_pensylvanicum_MA_01"
"ACEPEN01_HF","20",18.5,5.35723809439155,2.18708329364323,"ACEPEN","Acer_pensylvanicum_MA_01"
"ACEPEN01_HF","08",20.5,6.89202437604511,2.81365716935569,"ACEPEN","Acer_pensylvanicum_MA_01"
"ACEPEN01_HF","15",18.5,7.58287544405155,3.09569593683445,"ACEPEN","Acer_pensylvanicum_MA_01"
"ACEPEN02_HF","chill2",16,5.35412613473634,2.67706306736817,"ACEPEN","Acer_pensylvanicum_MA_02"
"ACEPEN02_HF","chill0",22.6666666666667,3.78593889720018,1.89296944860009,"ACEPEN","Acer_pensylvanicum_MA_02"
"ACEPEN02_HF","12",12.6,4.97995983919549,2.03306009093025,"ACEPEN","Acer_pensylvanicum_MA_02"
"ACEPEN02_HF","20",17.8,7.69415362466854,3.14112506383727,"ACEPEN","Acer_pensylvanicum_MA_02"
"ACEPEN02_HF","chill1",10.25,3.86221007541882,1.93110503770941,"ACEPEN","Acer_pensylvanicum_MA_02"
"ACEPEN02_HF","08",18.3333333333333,6.86051504383357,2.80079353834667,"ACEPEN","Acer_pensylvanicum_MA_02"
"ACEPEN02_HF","15",14,5.44058820349418,2.22111083319436,"ACEPEN","Acer_pensylvanicum_MA_02"
"ACEPEN03_HF","12",12.8333333333333,6.6758270399005,2.72539497647181,"ACEPEN","Acer_pensylvanicum_MA_03"
"ACEPEN03_HF","08",12.6666666666667,6.53197264742181,2.66666666666667,"ACEPEN","Acer_pensylvanicum_MA_03"
"ACEPEN03_HF","20",12.5,6.28490254498827,2.56580071972344,"ACEPEN","Acer_pensylvanicum_MA_03"
"ACEPEN03_HF","chill0",18,3.55902608401044,1.77951304200522,"ACEPEN","Acer_pensylvanicum_MA_03"
"ACEPEN03_HF","chill1",5.5,2.88675134594813,1.44337567297406,"ACEPEN","Acer_pensylvanicum_MA_03"
"ACEPEN03_HF","15",13,6.89927532426414,2.81661735657035,"ACEPEN","Acer_pensylvanicum_MA_03"
"ACEPEN03_HF","chill2",14.75,3.5,1.75,"ACEPEN","Acer_pensylvanicum_MA_03"
"ACEPEN04_HF","12",11.8333333333333,5.77638872191499,2.35820082077653,"ACEPEN","Acer_pensylvanicum_MA_04"
"ACEPEN04_HF","08",15.4,4.61519230368573,1.88414436814168,"ACEPEN","Acer_pensylvanicum_MA_04"
"ACEPEN04_HF","20",13.6666666666667,3.38624669312008,1.38242942355518,"ACEPEN","Acer_pensylvanicum_MA_04"
"ACEPEN04_HF","chill2",13.3333333333333,0.577350269189626,0.288675134594813,"ACEPEN","Acer_pensylvanicum_MA_04"
"ACEPEN04_HF","chill0",18,3.55902608401044,1.77951304200522,"ACEPEN","Acer_pensylvanicum_MA_04"
"ACEPEN04_HF","15",13.2,7.56306816047562,3.08760964717584,"ACEPEN","Acer_pensylvanicum_MA_04"
"ACEPEN04_HF","chill1",9,5.35412613473634,2.67706306736817,"ACEPEN","Acer_pensylvanicum_MA_04"
"ACEPEN04_SH","12",16.3333333333333,7.68548415304245,3.13758576686669,"ACEPEN","Acer_pensylvanicum_QC_04"
"ACEPEN04_SH","20",17.6666666666667,5.24086506854228,2.13957420478416,"ACEPEN","Acer_pensylvanicum_QC_04"
"ACEPEN04_SH","15",17.8333333333333,7.60043858383624,3.10286605862673,"ACEPEN","Acer_pensylvanicum_QC_04"
"ACEPEN04_SH","chill2",16,5.35412613473634,2.67706306736817,"ACEPEN","Acer_pensylvanicum_QC_04"
"ACEPEN04_SH","08",19.1666666666667,4.62240918425302,1.88709064729575,"ACEPEN","Acer_pensylvanicum_QC_04"
"ACEPEN04_SH","chill1",16.25,5.25198375219624,2.62599187609812,"ACEPEN","Acer_pensylvanicum_QC_04"
"ACEPEN04_SH","chill0",21,8.04155872120988,4.02077936060494,"ACEPEN","Acer_pensylvanicum_QC_04"
"ACEPEN06_SH","12",14.5,5.64800849857718,2.3057898140695,"ACEPEN","Acer_pensylvanicum_QC_06"
"ACEPEN06_SH","20",15.5,4.37035467668243,1.78418982547635,"ACEPEN","Acer_pensylvanicum_QC_06"
"ACEPEN06_SH","chill2",14.75,3.5,1.75,"ACEPEN","Acer_pensylvanicum_QC_06"
"ACEPEN06_SH","08",15,4.24264068711928,1.73205080756888,"ACEPEN","Acer_pensylvanicum_QC_06"
"ACEPEN06_SH","15",14,5.44058820349418,2.22111083319436,"ACEPEN","Acer_pensylvanicum_QC_06"
"ACEPEN06_SH","chill1",10.25,3.86221007541882,1.93110503770941,"ACEPEN","Acer_pensylvanicum_QC_06"
"ACEPEN06_SH","chill0",19.25,1.5,0.75,"ACEPEN","Acer_pensylvanicum_QC_06"
"ACEPEN07_SH","chill1",17.25,4.19324854180304,2.09662427090152,"ACEPEN","Acer_pensylvanicum_QC_07"
"ACEPEN07_SH","chill2",17.75,4.3493294502333,2.17466472511665,"ACEPEN","Acer_pensylvanicum_QC_07"
"ACEPEN07_SH","chill0",31,5.94418483337567,2.97209241668783,"ACEPEN","Acer_pensylvanicum_QC_07"
"ACEPEN07_SH","08",24.3333333333333,8.33466656001706,3.40261337471329,"ACEPEN","Acer_pensylvanicum_QC_07"
"ACEPEN07_SH","12",19.6666666666667,7.60701430698449,3.10555058636056,"ACEPEN","Acer_pensylvanicum_QC_07"
"ACEPEN07_SH","20",20,6.35609943282828,2.59486672747048,"ACEPEN","Acer_pensylvanicum_QC_07"
"ACEPEN07_SH","15",24,9.50789145920377,3.8815804341359,"ACEPEN","Acer_pensylvanicum_QC_07"
"ACEPEN08_SH","chill1",16.25,5.25198375219624,2.62599187609812,"ACEPEN","Acer_pensylvanicum_QC_08"
"ACEPEN08_SH","chill2",16,5.35412613473634,2.67706306736817,"ACEPEN","Acer_pensylvanicum_QC_08"
"ACEPEN08_SH","20",20,5.8309518948453,2.38047614284762,"ACEPEN","Acer_pensylvanicum_QC_08"
"ACEPEN08_SH","chill0",29,8.83176086632785,4.41588043316392,"ACEPEN","Acer_pensylvanicum_QC_08"
"ACEPEN08_SH","12",17.1666666666667,7.52108148251744,3.07046865767716,"ACEPEN","Acer_pensylvanicum_QC_08"
"ACEPEN08_SH","15",20.8333333333333,11.6002873527627,4.73579748065495,"ACEPEN","Acer_pensylvanicum_QC_08"
"ACEPEN08_SH","08",23.6666666666667,9.33095207718198,3.80934523390977,"ACEPEN","Acer_pensylvanicum_QC_08"
"ACEPEN09_SH","chill1",11.5,3.69684550213647,1.84842275106824,"ACEPEN","Acer_pensylvanicum_QC_09"
"ACEPEN09_SH","chill2",13.25,0.5,0.25,"ACEPEN","Acer_pensylvanicum_QC_09"
"ACEPEN09_SH","chill0",21,8.52447456836295,4.26223728418147,"ACEPEN","Acer_pensylvanicum_QC_09"
"ACEPEN09_SH","12",13.5,3.83405790253616,1.56524758424985,"ACEPEN","Acer_pensylvanicum_QC_09"
"ACEPEN09_SH","20",14.5,2.07364413533277,0.84656167328002,"ACEPEN","Acer_pensylvanicum_QC_09"
"ACEPEN09_SH","08",17,8.41427358718505,3.43511280746353,"ACEPEN","Acer_pensylvanicum_QC_09"
"ACEPEN09_SH","15",16,9.338094023943,3.81226092146555,"ACEPEN","Acer_pensylvanicum_QC_09"
"ACEPEN11_HF","chill0",24.25,12.5532200384337,6.27661001921685,"ACEPEN","Acer_pensylvanicum_MA_11"
"ACEPEN11_HF","chill1",18.25,6.07590871118606,3.03795435559303,"ACEPEN","Acer_pensylvanicum_MA_11"
"ACEPEN11_HF","12",15.1666666666667,8.75023809199879,3.57226974221028,"ACEPEN","Acer_pensylvanicum_MA_11"
"ACEPEN11_HF","20",17.8333333333333,8.01040989379861,3.2702361450581,"ACEPEN","Acer_pensylvanicum_MA_11"
"ACEPEN11_HF","chill2",17,4.96655480858378,2.48327740429189,"ACEPEN","Acer_pensylvanicum_MA_11"
"ACEPEN11_HF","08",24.5,5.16720427310553,2.1095023109729,"ACEPEN","Acer_pensylvanicum_MA_11"
"ACEPEN11_HF","15",21.8333333333333,9.04249228181405,3.69158201558326,"ACEPEN","Acer_pensylvanicum_MA_11"
"ALNINC01_HF","chill0",42,18.1291661878495,9.06458309392477,"ALNINC","Alnus_incana_MA_01"
"ALNINC01_HF","12",36.5,4.94974746830583,3.5,"ALNINC","Alnus_incana_MA_01"
"ALNINC01_HF","20",30,4.24264068711928,3,"ALNINC","Alnus_incana_MA_01"
"ALNINC01_HF","08",47.5,28.9913780286484,20.5,"ALNINC","Alnus_incana_MA_01"
"ALNINC01_HF","15",54,19.7989898732233,14,"ALNINC","Alnus_incana_MA_01"
"ALNINC01_SH","chill0",21.25,11.4709778717132,5.73548893585659,"ALNINC","Alnus_incana_QC_01"
"ALNINC01_SH","20",16,14.142135623731,10,"ALNINC","Alnus_incana_QC_01"
"ALNINC01_SH","12",13,9.89949493661167,7,"ALNINC","Alnus_incana_QC_01"
"ALNINC01_SH","15",26.5,9.19238815542512,6.5,"ALNINC","Alnus_incana_QC_01"
"ALNINC01_SH","08",29.5,4.94974746830583,3.5,"ALNINC","Alnus_incana_QC_01"
"ALNINC02_HF","12",40.5,10.6066017177982,7.5,"ALNINC","Alnus_incana_MA_02"
"ALNINC02_HF","20",33.5,0.707106781186548,0.5,"ALNINC","Alnus_incana_MA_02"
"ALNINC02_HF","chill0",39.25,7.08872343937891,3.54436171968946,"ALNINC","Alnus_incana_MA_02"
"ALNINC02_HF","08",38,5.65685424949238,4,"ALNINC","Alnus_incana_MA_02"
"ALNINC02_HF","15",45,4.24264068711928,3,"ALNINC","Alnus_incana_MA_02"
"ALNINC04_HF","chill0",25.5,13.1782649338472,6.5891324669236,"ALNINC","Alnus_incana_MA_04"
"ALNINC04_HF","12",17.5,16.2634559672906,11.5,"ALNINC","Alnus_incana_MA_04"
"ALNINC04_HF","20",20,19.7989898732233,14,"ALNINC","Alnus_incana_MA_04"
"ALNINC04_HF","08",33.5,0.707106781186548,0.5,"ALNINC","Alnus_incana_MA_04"
"ALNINC04_HF","15",31,2.82842712474619,2,"ALNINC","Alnus_incana_MA_04"
"ALNINC04_SH","20",29,NA,NA,"ALNINC","Alnus_incana_QC_04"
"ALNINC04_SH","15",39.5,0.707106781186548,0.5,"ALNINC","Alnus_incana_QC_04"
"ALNINC04_SH","12",34.5,7.77817459305202,5.5,"ALNINC","Alnus_incana_QC_04"
"ALNINC04_SH","08",39,NA,NA,"ALNINC","Alnus_incana_QC_04"
"ALNINC04_SH","chill0",36,6.08276253029822,3.04138126514911,"ALNINC","Alnus_incana_QC_04"
"ALNINC05_HF","20",23.5,14.8492424049175,10.5,"ALNINC","Alnus_incana_MA_05"
"ALNINC05_HF","chill0",23.5,12.1243556529821,6.06217782649107,"ALNINC","Alnus_incana_MA_05"
"ALNINC05_HF","12",23.5,14.8492424049175,10.5,"ALNINC","Alnus_incana_MA_05"
"ALNINC05_HF","15",23.5,14.8492424049175,10.5,"ALNINC","Alnus_incana_MA_05"
"ALNINC05_HF","08",23.5,14.8492424049175,10.5,"ALNINC","Alnus_incana_MA_05"
"ALNINC05_SH","12",22.5,14.8492424049175,10.5,"ALNINC","Alnus_incana_QC_05"
"ALNINC05_SH","20",30,4.24264068711928,3,"ALNINC","Alnus_incana_QC_05"
"ALNINC05_SH","08",34.5,10.6066017177982,7.5,"ALNINC","Alnus_incana_QC_05"
"ALNINC05_SH","15",27,21.2132034355964,15,"ALNINC","Alnus_incana_QC_05"
"ALNINC05_SH","chill0",28.5,12.6095202129185,6.30476010645925,"ALNINC","Alnus_incana_QC_05"
"ALNINC06_SH","12",16.5,4.94974746830583,3.5,"ALNINC","Alnus_incana_QC_06"
"ALNINC06_SH","08",21,11.3137084989848,8,"ALNINC","Alnus_incana_QC_06"
"ALNINC06_SH","20",21,11.3137084989848,8,"ALNINC","Alnus_incana_QC_06"
"ALNINC06_SH","chill0",18.75,7.58836829188814,3.79418414594407,"ALNINC","Alnus_incana_QC_06"
"ALNINC06_SH","15",16.5,4.94974746830583,3.5,"ALNINC","Alnus_incana_QC_06"
"ALNINC07_SH","12",26,11.3137084989848,8,"ALNINC","Alnus_incana_QC_07"
"ALNINC07_SH","08",30,4.24264068711928,3,"ALNINC","Alnus_incana_QC_07"
"ALNINC07_SH","20",22.5,6.36396103067893,4.5,"ALNINC","Alnus_incana_QC_07"
"ALNINC07_SH","chill0",28,7.34846922834953,3.67423461417477,"ALNINC","Alnus_incana_QC_07"
"ALNINC07_SH","15",33.5,0.707106781186548,0.5,"ALNINC","Alnus_incana_QC_07"
"ALNINC08_HF","12",21,11.3137084989848,8,"ALNINC","Alnus_incana_MA_08"
"ALNINC08_HF","20",23.5,14.8492424049175,10.5,"ALNINC","Alnus_incana_MA_08"
"ALNINC08_HF","08",40.5,9.19238815542512,6.5,"ALNINC","Alnus_incana_MA_08"
"ALNINC08_HF","15",38,12.7279220613579,9,"ALNINC","Alnus_incana_MA_08"
"ALNINC08_HF","chill0",30.75,14.0564338768172,7.02821693840858,"ALNINC","Alnus_incana_MA_08"
"FAGGRA02_SH","chill0",44.75,28.6981416355368,14.3490708177684,"FAGGRA","Fagus_grandifolia_QC_02"
"FAGGRA02_SH","chill1",38.75,11.1766124861993,5.58830624309966,"FAGGRA","Fagus_grandifolia_QC_02"
"FAGGRA02_SH","chill2",37.75,11.0264832713487,5.51324163567436,"FAGGRA","Fagus_grandifolia_QC_02"
"FAGGRA02_SH","20",34.1666666666667,15.5488477600968,6.34779051674238,"FAGGRA","Fagus_grandifolia_QC_02"
"FAGGRA02_SH","12",33.8333333333333,7.98540335028023,3.26002726641631,"FAGGRA","Fagus_grandifolia_QC_02"
"FAGGRA02_SH","08",47,22.29798197147,9.10311302064665,"FAGGRA","Fagus_grandifolia_QC_02"
"FAGGRA02_SH","15",46.6666666666667,18.151216671801,7.41020317610193,"FAGGRA","Fagus_grandifolia_QC_02"
"FAGGRA03_HF","chill0",82,NA,NA,"FAGGRA","Fagus_grandifolia_MA_03"
"FAGGRA03_HF","chill1",39.6666666666667,2.88675134594813,1.44337567297406,"FAGGRA","Fagus_grandifolia_MA_03"
"FAGGRA03_HF","chill2",43.6666666666667,8.02080627701064,4.01040313850532,"FAGGRA","Fagus_grandifolia_MA_03"
"FAGGRA03_HF","12",40,3.55902608401044,1.45296631451356,"FAGGRA","Fagus_grandifolia_MA_03"
"FAGGRA03_HF","08",57.3333333333333,22.4796204001165,9.17726659862414,"FAGGRA","Fagus_grandifolia_MA_03"
"FAGGRA03_HF","20",37.3333333333333,1.15470053837925,0.471404520791032,"FAGGRA","Fagus_grandifolia_MA_03"
"FAGGRA03_HF","15",55,18.4932420089069,7.54983443527075,"FAGGRA","Fagus_grandifolia_MA_03"
"FAGGRA04_SH","12",36.4,7.86129760281342,3.20936130717624,"FAGGRA","Fagus_grandifolia_QC_04"
"FAGGRA04_SH","20",36.2,13.736811857196,5.60802995712398,"FAGGRA","Fagus_grandifolia_QC_04"
"FAGGRA04_SH","15",41.6,15.7257750206468,6.42002076839839,"FAGGRA","Fagus_grandifolia_QC_04"
"FAGGRA04_SH","08",41.4,19.4113368936815,7.92464510246358,"FAGGRA","Fagus_grandifolia_QC_04"
"FAGGRA04_SH","chill0",46.6666666666667,19.7568553503166,9.8784276751583,"FAGGRA","Fagus_grandifolia_QC_04"
"FAGGRA04_SH","chill1",35.3333333333333,10.5987420637231,5.29937103186155,"FAGGRA","Fagus_grandifolia_QC_04"
"FAGGRA04_SH","chill2",35.75,13.5738719604982,6.78693598024911,"FAGGRA","Fagus_grandifolia_QC_04"
"FAGGRA05_SH","12",42.3333333333333,14.6924016643525,5.9981478622803,"FAGGRA","Fagus_grandifolia_QC_05"
"FAGGRA05_SH","15",54.8,16.1771443709945,6.60429153404562,"FAGGRA","Fagus_grandifolia_QC_05"
"FAGGRA05_SH","08",63,26.8700576850888,10.9696551146029,"FAGGRA","Fagus_grandifolia_QC_05"
"FAGGRA05_SH","chill2",33.6666666666667,17.0391705588427,8.51958527942137,"FAGGRA","Fagus_grandifolia_QC_05"
"FAGGRA05_SH","20",35.3333333333333,18.5022521151706,7.55351279574977,"FAGGRA","Fagus_grandifolia_QC_05"
"FAGGRA05_SH","chill0",59,19.9248588451713,9.96242942258564,"FAGGRA","Fagus_grandifolia_QC_05"
"FAGGRA05_SH","chill1",51,8.48528137423857,4.24264068711928,"FAGGRA","Fagus_grandifolia_QC_05"
"FAGGRA06_SH","12",38.6666666666667,8.68715526893969,3.54651628753877,"FAGGRA","Fagus_grandifolia_QC_06"
"FAGGRA06_SH","08",60.6,10.3826778819339,4.23871049573649,"FAGGRA","Fagus_grandifolia_QC_06"
"FAGGRA06_SH","chill1",45.75,9.67384790728763,4.83692395364382,"FAGGRA","Fagus_grandifolia_QC_06"
"FAGGRA06_SH","20",45.6,16.2573060498965,6.63701740241805,"FAGGRA","Fagus_grandifolia_QC_06"
"FAGGRA06_SH","15",51.1666666666667,13.9916641850306,5.71207298428318,"FAGGRA","Fagus_grandifolia_QC_06"
"FAGGRA06_SH","chill2",38.6666666666667,12.5830573921179,6.29152869605896,"FAGGRA","Fagus_grandifolia_QC_06"
"FAGGRA06_SH","chill0",59,15.9373774505092,7.96868872525461,"FAGGRA","Fagus_grandifolia_QC_06"
"FAGGRA07_SH","chill2",32,19.0787840283389,9.53939201416946,"FAGGRA","Fagus_grandifolia_QC_07"
"FAGGRA07_SH","12",26,8.04155872120988,3.2829526005987,"FAGGRA","Fagus_grandifolia_QC_07"
"FAGGRA07_SH","08",57,16.0934769394311,6.57013444814234,"FAGGRA","Fagus_grandifolia_QC_07"
"FAGGRA07_SH","20",22.5,12.0208152801713,4.90747728811182,"FAGGRA","Fagus_grandifolia_QC_07"
"FAGGRA07_SH","chill1",37.5,9.19238815542512,4.59619407771256,"FAGGRA","Fagus_grandifolia_QC_07"
"FAGGRA07_SH","chill0",52,32.5269119345812,16.2634559672906,"FAGGRA","Fagus_grandifolia_QC_07"
"FAGGRA07_SH","15",46,18.8812075884992,7.70822071989812,"FAGGRA","Fagus_grandifolia_QC_07"
"FAGGRA08_SH","chill0",61,NA,NA,"FAGGRA","Fagus_grandifolia_QC_08"
"FAGGRA08_SH","chill2",39.5,4.94974746830583,2.47487373415292,"FAGGRA","Fagus_grandifolia_QC_08"
"FAGGRA08_SH","chill1",41.6666666666667,7.23417813807024,3.61708906903512,"FAGGRA","Fagus_grandifolia_QC_08"
"FAGGRA08_SH","20",41.3333333333333,7.57187779440036,3.09120616516523,"FAGGRA","Fagus_grandifolia_QC_08"
"FAGGRA08_SH","15",47,12.4899959967968,5.09901951359279,"FAGGRA","Fagus_grandifolia_QC_08"
"FAGGRA08_SH","12",43,10.4163333279998,4.25245027405769,"FAGGRA","Fagus_grandifolia_QC_08"
"FAGGRA08_SH","08",50,NA,NA,"FAGGRA","Fagus_grandifolia_QC_08"
"FAGGRA09_HF","chill1",36.75,12.6326297077581,6.31631485387907,"FAGGRA","Fagus_grandifolia_MA_09"
"FAGGRA09_HF","chill2",34,14.9443411809733,7.47217059048663,"FAGGRA","Fagus_grandifolia_MA_09"
"FAGGRA09_HF","08",42.3333333333333,11.9443152447793,4.8762462794426,"FAGGRA","Fagus_grandifolia_MA_09"
"FAGGRA09_HF","chill0",43.5,8.81286937760152,4.40643468880076,"FAGGRA","Fagus_grandifolia_MA_09"
"FAGGRA09_HF","20",39.5,11.3269589917153,4.62421164452205,"FAGGRA","Fagus_grandifolia_MA_09"
"FAGGRA09_HF","12",33.8333333333333,11.3387242080697,4.62901477398569,"FAGGRA","Fagus_grandifolia_MA_09"
"FAGGRA09_HF","15",36.6666666666667,13.47095641247,5.49949492630409,"FAGGRA","Fagus_grandifolia_MA_09"
"FAGGRA10_HF","chill0",58,12.2474487139159,6.12372435695795,"FAGGRA","Fagus_grandifolia_MA_10"
"FAGGRA10_HF","chill1",51,1,0.5,"FAGGRA","Fagus_grandifolia_MA_10"
"FAGGRA10_HF","chill2",37.75,11.0264832713487,5.51324163567436,"FAGGRA","Fagus_grandifolia_MA_10"
"FAGGRA10_HF","20",49.6,14.6731046476197,5.99026988818812,"FAGGRA","Fagus_grandifolia_MA_10"
"FAGGRA10_HF","12",40.8,11.8827606220104,4.85111670992704,"FAGGRA","Fagus_grandifolia_MA_10"
"FAGGRA10_HF","08",55.3333333333333,10.1718565988057,4.15264306730598,"FAGGRA","Fagus_grandifolia_MA_10"
"FAGGRA10_HF","15",48,12.5698050899765,5.13160143944688,"FAGGRA","Fagus_grandifolia_MA_10"
"FAGGRA11_HF","chill0",61.3333333333333,11.5470053837925,5.77350269189626,"FAGGRA","Fagus_grandifolia_MA_11"
"FAGGRA11_HF","chill1",38.75,9.84462628374824,4.92231314187412,"FAGGRA","Fagus_grandifolia_MA_11"
"FAGGRA11_HF","20",44,18.8856206322871,7.71002233748025,"FAGGRA","Fagus_grandifolia_MA_11"
"FAGGRA11_HF","12",33.2,8.40832920383116,3.43268602312145,"FAGGRA","Fagus_grandifolia_MA_11"
"FAGGRA11_HF","08",54.8,12.2963409191515,5.01996015920445,"FAGGRA","Fagus_grandifolia_MA_11"
"FAGGRA11_HF","chill2",33.6666666666667,9.07377172587747,4.53688586293873,"FAGGRA","Fagus_grandifolia_MA_11"
"FAGGRA11_HF","15",44,14.0285423334001,5.72712842531054,"FAGGRA","Fagus_grandifolia_MA_11"
"FAGGRA13_HF","chill0",35.75,8.18026079453868,4.09013039726934,"FAGGRA","Fagus_grandifolia_MA_13"
"FAGGRA13_HF","chill2",35.5,8.2663978450915,4.13319892254575,"FAGGRA","Fagus_grandifolia_MA_13"
"FAGGRA13_HF","12",28.1666666666667,2.99443929086343,1.22247472139282,"FAGGRA","Fagus_grandifolia_MA_13"
"FAGGRA13_HF","08",39.6666666666667,5.16397779494322,2.10818510677892,"FAGGRA","Fagus_grandifolia_MA_13"
"FAGGRA13_HF","chill1",30.5,5.74456264653803,2.87228132326901,"FAGGRA","Fagus_grandifolia_MA_13"
"FAGGRA13_HF","20",33.1666666666667,8.42417157153549,3.43915364265364,"FAGGRA","Fagus_grandifolia_MA_13"
"FAGGRA13_HF","15",34.6666666666667,6.53197264742181,2.66666666666667,"FAGGRA","Fagus_grandifolia_MA_13"
"FAGGRA14_HF","20",36.6,9.18150314491042,3.74833296279826,"FAGGRA","Fagus_grandifolia_MA_14"
"FAGGRA14_HF","12",38.6666666666667,7.00476028616731,2.85968141193696,"FAGGRA","Fagus_grandifolia_MA_14"
"FAGGRA14_HF","08",49,19.5192212959431,7.96868872525461,"FAGGRA","Fagus_grandifolia_MA_14"
"FAGGRA14_HF","chill2",32,7.07106781186548,3.53553390593274,"FAGGRA","Fagus_grandifolia_MA_14"
"FAGGRA14_HF","chill0",46,16.5931712862049,8.29658564310243,"FAGGRA","Fagus_grandifolia_MA_14"
"FAGGRA14_HF","15",49,13.4412301024373,5.48735921105144,"FAGGRA","Fagus_grandifolia_MA_14"
"FAGGRA14_HF","chill1",43.6666666666667,6.02771377334171,3.01385688667085,"FAGGRA","Fagus_grandifolia_MA_14"
"LONCAN01_HF","12",12.5,0.707106781186548,0.5,"LONCAN","Lonicera_canadensis_MA_01"
"LONCAN01_HF","08",13,0,0,"LONCAN","Lonicera_canadensis_MA_01"
"LONCAN01_HF","20",13,0,0,"LONCAN","Lonicera_canadensis_MA_01"
"LONCAN01_HF","15",12.5,0.707106781186548,0.5,"LONCAN","Lonicera_canadensis_MA_01"
"LONCAN01_HF","chill0",12.75,0.5,0.25,"LONCAN","Lonicera_canadensis_MA_01"
"LONCAN01_SH","20",12.5,0.707106781186548,0.5,"LONCAN","Lonicera_canadensis_QC_01"
"LONCAN01_SH","chill0",14.5,3.69684550213647,1.84842275106824,"LONCAN","Lonicera_canadensis_QC_01"
"LONCAN01_SH","15",16.5,4.94974746830583,3.5,"LONCAN","Lonicera_canadensis_QC_01"
"LONCAN01_SH","12",16.5,4.94974746830583,3.5,"LONCAN","Lonicera_canadensis_QC_01"
"LONCAN01_SH","08",12.5,0.707106781186548,0.5,"LONCAN","Lonicera_canadensis_QC_01"
"LONCAN02_HF","12",23,4.24264068711928,3,"LONCAN","Lonicera_canadensis_MA_02"
"LONCAN02_HF","chill0",19.25,5.37742193496723,2.68871096748361,"LONCAN","Lonicera_canadensis_MA_02"
"LONCAN02_HF","20",22,5.65685424949238,4,"LONCAN","Lonicera_canadensis_MA_02"
"LONCAN02_HF","15",16.5,4.94974746830583,3.5,"LONCAN","Lonicera_canadensis_MA_02"
"LONCAN02_HF","08",15.5,3.53553390593274,2.5,"LONCAN","Lonicera_canadensis_MA_02"
"LONCAN04_HF","chill0",16.5,4.65474668125631,2.32737334062816,"LONCAN","Lonicera_canadensis_MA_04"
"LONCAN04_HF","12",16.5,4.94974746830583,3.5,"LONCAN","Lonicera_canadensis_MA_04"
"LONCAN04_HF","08",16.5,6.36396103067893,4.5,"LONCAN","Lonicera_canadensis_MA_04"
"LONCAN04_HF","20",12.5,0.707106781186548,0.5,"LONCAN","Lonicera_canadensis_MA_04"
"LONCAN04_HF","15",20.5,0.707106781186548,0.5,"LONCAN","Lonicera_canadensis_MA_04"
"LONCAN05_HF","12",16.5,4.94974746830583,3.5,"LONCAN","Lonicera_canadensis_MA_05"
"LONCAN05_HF","chill0",16.5,4.65474668125631,2.32737334062816,"LONCAN","Lonicera_canadensis_MA_05"
"LONCAN05_HF","15",20.5,0.707106781186548,0.5,"LONCAN","Lonicera_canadensis_MA_05"
"LONCAN05_HF","08",16.5,6.36396103067893,4.5,"LONCAN","Lonicera_canadensis_MA_05"
"LONCAN05_HF","20",12.5,0.707106781186548,0.5,"LONCAN","Lonicera_canadensis_MA_05"
"LONCAN07_HF","08",29.5,33.2340187157677,23.5,"LONCAN","Lonicera_canadensis_MA_07"
"LONCAN07_HF","chill0",21,21.556128285633,10.7780641428165,"LONCAN","Lonicera_canadensis_MA_07"
"LONCAN07_HF","12",12.5,0.707106781186548,0.5,"LONCAN","Lonicera_canadensis_MA_07"
"LONCAN07_HF","15",32.5,28.9913780286484,20.5,"LONCAN","Lonicera_canadensis_MA_07"
"LONCAN07_HF","20",9.5,4.94974746830583,3.5,"LONCAN","Lonicera_canadensis_MA_07"
"POPGRA01_SH","chill2",22.5,1.73205080756888,0.866025403784439,"POPGRA","Populus_grandidentata_QC_01"
"POPGRA01_SH","12",27.4,13.5757136092362,5.54226187279766,"POPGRA","Populus_grandidentata_QC_01"
"POPGRA01_SH","chill1",17.3333333333333,5.85946527708232,2.92973263854116,"POPGRA","Populus_grandidentata_QC_01"
"POPGRA01_SH","chill0",42,10.0332779621949,5.01663898109747,"POPGRA","Populus_grandidentata_QC_01"
"POPGRA01_SH","15",32.4,16.9351705040132,6.91375440697744,"POPGRA","Populus_grandidentata_QC_01"
"POPGRA01_SH","08",28.8333333333333,13.2878390518047,5.42473757685824,"POPGRA","Populus_grandidentata_QC_01"
"POPGRA01_SH","20",24.6666666666667,7.94145242803019,3.24208437754342,"POPGRA","Populus_grandidentata_QC_01"
"POPGRA02_SH","12",27.1666666666667,12.4324843320499,5.07554047477814,"POPGRA","Populus_grandidentata_QC_02"
"POPGRA02_SH","chill0",46,15.2534149181967,7.62670745909837,"POPGRA","Populus_grandidentata_QC_02"
"POPGRA02_SH","20",23.3333333333333,11.1295402720268,4.54361578970366,"POPGRA","Populus_grandidentata_QC_02"
"POPGRA02_SH","15",38.8,18.5256578830551,7.56306816047562,"POPGRA","Populus_grandidentata_QC_02"
"POPGRA02_SH","08",34.2,20.8374662567213,8.50685997690491,"POPGRA","Populus_grandidentata_QC_02"
"POPGRA02_SH","chill1",22,13.076696830622,6.53834841531101,"POPGRA","Populus_grandidentata_QC_02"
"POPGRA02_SH","chill2",21,4.69041575982343,2.34520787991171,"POPGRA","Populus_grandidentata_QC_02"
"POPGRA03_HF","15",28.6,15.4369686143362,6.30211604674705,"POPGRA","Populus_grandidentata_MA_03"
"POPGRA03_HF","08",25.4,10.876580344943,4.44034533191583,"POPGRA","Populus_grandidentata_MA_03"
"POPGRA03_HF","chill0",37.25,17.3661548229115,8.68307741145576,"POPGRA","Populus_grandidentata_MA_03"
"POPGRA03_HF","chill1",25.25,3.20156211871642,1.60078105935821,"POPGRA","Populus_grandidentata_MA_03"
"POPGRA03_HF","chill2",22.3333333333333,2.08166599946613,1.04083299973307,"POPGRA","Populus_grandidentata_MA_03"
"POPGRA03_HF","12",31.6666666666667,12.8478273130778,5.24510353673892,"POPGRA","Populus_grandidentata_MA_03"
"POPGRA03_HF","20",29,9.50789145920377,3.8815804341359,"POPGRA","Populus_grandidentata_MA_03"
"POPGRA04_SH","chill0",55.75,16.5403546918841,8.27017734594206,"POPGRA","Populus_grandidentata_QC_04"
"POPGRA04_SH","12",38.5,10.7238052947636,4.37797517885457,"POPGRA","Populus_grandidentata_QC_04"
"POPGRA04_SH","20",46.3333333333333,18.9296944860009,7.72801541291309,"POPGRA","Populus_grandidentata_QC_04"
"POPGRA04_SH","chill1",34,5.65685424949238,2.82842712474619,"POPGRA","Populus_grandidentata_QC_04"
"POPGRA04_SH","chill2",33.5,4.94974746830583,2.47487373415292,"POPGRA","Populus_grandidentata_QC_04"
"POPGRA04_SH","08",51,19.8997487421324,8.12403840463596,"POPGRA","Populus_grandidentata_QC_04"
"POPGRA04_SH","15",43.8,16.7092788593643,6.82153452921946,"POPGRA","Populus_grandidentata_QC_04"
"POPGRA05_HF","chill2",40.75,10.3400515794974,5.1700257897487,"POPGRA","Populus_grandidentata_MA_05"
"POPGRA05_HF","20",33.6666666666667,7.31209044437134,2.98514842363175,"POPGRA","Populus_grandidentata_MA_05"
"POPGRA05_HF","chill0",53.75,16.4595463687997,8.22977318439984,"POPGRA","Populus_grandidentata_MA_05"
"POPGRA05_HF","chill1",35.5,9.67815409397198,4.83907704698599,"POPGRA","Populus_grandidentata_MA_05"
"POPGRA05_HF","12",40.6666666666667,15.6546052861983,6.390965845977,"POPGRA","Populus_grandidentata_MA_05"
"POPGRA05_HF","15",53,12.0995867698033,4.93963561409139,"POPGRA","Populus_grandidentata_MA_05"
"POPGRA05_HF","08",46,12.7279220613579,5.19615242270663,"POPGRA","Populus_grandidentata_MA_05"
"POPGRA05_SH","chill1",16.25,4.7169905660283,2.35849528301415,"POPGRA","Populus_grandidentata_QC_05"
"POPGRA05_SH","chill2",NA,NA,NA,"POPGRA","Populus_grandidentata_QC_05"
"POPGRA05_SH","chill0",47.25,15.1299922890485,7.56499614452424,"POPGRA","Populus_grandidentata_QC_05"
"POPGRA05_SH","12",26.75,17.0171482138851,6.94722166688878,"POPGRA","Populus_grandidentata_QC_05"
"POPGRA05_SH","20",25.5,13.076696830622,5.33853912601566,"POPGRA","Populus_grandidentata_QC_05"
"POPGRA05_SH","08",36.75,23.1426734266664,9.44795686320005,"POPGRA","Populus_grandidentata_QC_05"
"POPGRA05_SH","15",38,24.8327740429189,10.137937550497,"POPGRA","Populus_grandidentata_QC_05"
"POPGRA06_HF","12",35.1666666666667,10.8704492394136,4.43784231856478,"POPGRA","Populus_grandidentata_MA_06"
"POPGRA06_HF","20",29.8333333333333,5.98052394583172,2.441538676964,"POPGRA","Populus_grandidentata_MA_06"
"POPGRA06_HF","08",40.2,17.1230838344032,6.99046970286451,"POPGRA","Populus_grandidentata_MA_06"
"POPGRA06_HF","chill0",48.75,15.3920975395385,7.69604876976924,"POPGRA","Populus_grandidentata_MA_06"
"POPGRA06_HF","chill1",26,3.46410161513775,1.73205080756888,"POPGRA","Populus_grandidentata_MA_06"
"POPGRA06_HF","chill2",34.75,7.41057802513857,3.70528901256928,"POPGRA","Populus_grandidentata_MA_06"
"POPGRA06_HF","15",46.6,14.8929513529052,6.08002192978501,"POPGRA","Populus_grandidentata_MA_06"
"POPGRA06_SH","12",29.2,16.9026625121606,6.9004830748772,"POPGRA","Populus_grandidentata_QC_06"
"POPGRA06_SH","08",38.75,20.9980157792746,8.57240404502209,"POPGRA","Populus_grandidentata_QC_06"
"POPGRA06_SH","20",26.8,12.1531888819355,4.96151858473458,"POPGRA","Populus_grandidentata_QC_06"
"POPGRA06_SH","chill0",50.25,13.6717470232106,6.83587351160528,"POPGRA","Populus_grandidentata_QC_06"
"POPGRA06_SH","chill1",21.5,3.1091263510296,1.5545631755148,"POPGRA","Populus_grandidentata_QC_06"
"POPGRA06_SH","15",41.75,22.9546654662329,9.37120293475947,"POPGRA","Populus_grandidentata_QC_06"
"POPGRA06_SH","chill2",14,NA,NA,"POPGRA","Populus_grandidentata_QC_06"
"POPGRA07_HF","12",33,22.6936114358204,9.26462807312486,"POPGRA","Populus_grandidentata_MA_07"
"POPGRA07_HF","08",30.2,12.4579292019179,5.08592829940284,"POPGRA","Populus_grandidentata_MA_07"
"POPGRA07_HF","15",37,18.3521115951271,7.49221818511269,"POPGRA","Populus_grandidentata_MA_07"
"POPGRA07_HF","20",23.5,13.8924439894498,5.67156650905785,"POPGRA","Populus_grandidentata_MA_07"
"POPGRA07_HF","chill0",31.75,28.2651139510646,14.1325569755323,"POPGRA","Populus_grandidentata_MA_07"
"POPGRA07_HF","chill1",30.5,9.4339811320566,4.7169905660283,"POPGRA","Populus_grandidentata_MA_07"
"POPGRA07_HF","chill2",33.5,4.94974746830583,2.47487373415292,"POPGRA","Populus_grandidentata_MA_07"
"POPGRA08_SH","chill0",30,11.7473401244707,5.87367006223537,"POPGRA","Populus_grandidentata_QC_08"
"POPGRA08_SH","chill1",14.25,1.5,0.75,"POPGRA","Populus_grandidentata_QC_08"
"POPGRA08_SH","chill2",23,0,0,"POPGRA","Populus_grandidentata_QC_08"
"POPGRA08_SH","08",20.2,8.5848704125339,3.50475866977076,"POPGRA","Populus_grandidentata_QC_08"
"POPGRA08_SH","12",24.4,12.0332871651931,4.91256891385081,"POPGRA","Populus_grandidentata_QC_08"
"POPGRA08_SH","20",24,11.0453610171873,4.5092497528229,"POPGRA","Populus_grandidentata_QC_08"
"POPGRA08_SH","15",21.1666666666667,10.3231132255084,4.2143933265787,"POPGRA","Populus_grandidentata_QC_08"
"PRUPEN02_SH","chill0",12.5,0.577350269189626,0.288675134594813,"PRUPEN","Prunus_pensylvanica_QC_02"
"PRUPEN02_SH","12",12.5,0.707106781186548,0.5,"PRUPEN","Prunus_pensylvanica_QC_02"
"PRUPEN02_SH","20",12.5,0.707106781186548,0.5,"PRUPEN","Prunus_pensylvanica_QC_02"
"PRUPEN02_SH","08",12.5,0.707106781186548,0.5,"PRUPEN","Prunus_pensylvanica_QC_02"
"PRUPEN02_SH","15",12.5,0.707106781186548,0.5,"PRUPEN","Prunus_pensylvanica_QC_02"
"PRUPEN03_SH","12",NA,NA,NA,"PRUPEN","Prunus_pensylvanica_QC_03"
"PRUPEN03_SH","chill0",29,NA,NA,"PRUPEN","Prunus_pensylvanica_QC_03"
"PRUPEN03_SH","20",29,NA,NA,"PRUPEN","Prunus_pensylvanica_QC_03"
"PRUPEN03_SH","08",29,NA,NA,"PRUPEN","Prunus_pensylvanica_QC_03"
"PRUPEN03_SH","15",NA,NA,NA,"PRUPEN","Prunus_pensylvanica_QC_03"
"PRUPEN04_HF","12",16.5,4.94974746830583,3.5,"PRUPEN","Prunus_pensylvanica_MA_04"
"PRUPEN04_HF","20",13,NA,NA,"PRUPEN","Prunus_pensylvanica_MA_04"
"PRUPEN04_HF","08",21,NA,NA,"PRUPEN","Prunus_pensylvanica_MA_04"
"PRUPEN04_HF","15",20.5,0.707106781186548,0.5,"PRUPEN","Prunus_pensylvanica_MA_04"
"PRUPEN04_HF","chill0",18,4.35889894354067,2.17944947177034,"PRUPEN","Prunus_pensylvanica_MA_04"
"PRUPEN04_SH","12",13,NA,NA,"PRUPEN","Prunus_pensylvanica_QC_04"
"PRUPEN04_SH","20",13,NA,NA,"PRUPEN","Prunus_pensylvanica_QC_04"
"PRUPEN04_SH","chill0",17,5.65685424949238,2.82842712474619,"PRUPEN","Prunus_pensylvanica_QC_04"
"PRUPEN04_SH","08",21,NA,NA,"PRUPEN","Prunus_pensylvanica_QC_04"
"PRUPEN04_SH","15",21,NA,NA,"PRUPEN","Prunus_pensylvanica_QC_04"
"PRUPEN05_HF","12",12.5,0.707106781186548,0.5,"PRUPEN","Prunus_pensylvanica_MA_05"
"PRUPEN05_HF","20",12.5,0.707106781186548,0.5,"PRUPEN","Prunus_pensylvanica_MA_05"
"PRUPEN05_HF","chill0",12.5,0.577350269189626,0.288675134594813,"PRUPEN","Prunus_pensylvanica_MA_05"
"PRUPEN05_HF","08",12.5,0.707106781186548,0.5,"PRUPEN","Prunus_pensylvanica_MA_05"
"PRUPEN05_HF","15",12.5,0.707106781186548,0.5,"PRUPEN","Prunus_pensylvanica_MA_05"
"PRUPEN06_HF","12",12.5,0.707106781186548,0.5,"PRUPEN","Prunus_pensylvanica_MA_06"
"PRUPEN06_HF","08",15.5,3.53553390593274,2.5,"PRUPEN","Prunus_pensylvanica_MA_06"
"PRUPEN06_HF","chill0",14,2.70801280154532,1.35400640077266,"PRUPEN","Prunus_pensylvanica_MA_06"
"PRUPEN06_HF","15",12.5,0.707106781186548,0.5,"PRUPEN","Prunus_pensylvanica_MA_06"
"PRUPEN06_HF","20",15.5,3.53553390593274,2.5,"PRUPEN","Prunus_pensylvanica_MA_06"
"PRUPEN06_SH","12",12.5,0.707106781186548,0.5,"PRUPEN","Prunus_pensylvanica_QC_06"
"PRUPEN06_SH","20",20,9.89949493661167,7,"PRUPEN","Prunus_pensylvanica_QC_06"
"PRUPEN06_SH","chill0",16.25,7.18215380880508,3.59107690440254,"PRUPEN","Prunus_pensylvanica_QC_06"
"PRUPEN06_SH","08",20,9.89949493661167,7,"PRUPEN","Prunus_pensylvanica_QC_06"
"PRUPEN06_SH","15",12.5,0.707106781186548,0.5,"PRUPEN","Prunus_pensylvanica_QC_06"
"PRUPEN07_HF","chill0",18,3.55902608401044,1.77951304200522,"PRUPEN","Prunus_pensylvanica_MA_07"
"PRUPEN07_HF","12",16.5,4.94974746830583,3.5,"PRUPEN","Prunus_pensylvanica_MA_07"
"PRUPEN07_HF","20",15.5,3.53553390593274,2.5,"PRUPEN","Prunus_pensylvanica_MA_07"
"PRUPEN07_HF","08",19.5,2.12132034355964,1.5,"PRUPEN","Prunus_pensylvanica_MA_07"
"PRUPEN07_HF","15",20.5,0.707106781186548,0.5,"PRUPEN","Prunus_pensylvanica_MA_07"
"PRUPEN09_HF","chill0",22.5,8.58292879305582,4.29146439652791,"PRUPEN","Prunus_pensylvanica_MA_09"
"PRUPEN09_HF","20",22.5,6.36396103067893,4.5,"PRUPEN","Prunus_pensylvanica_MA_09"
"PRUPEN09_HF","12",25,9.89949493661167,7,"PRUPEN","Prunus_pensylvanica_MA_09"
"PRUPEN09_HF","15",22.5,13.4350288425444,9.5,"PRUPEN","Prunus_pensylvanica_MA_09"
"PRUPEN09_HF","08",20,9.89949493661167,7,"PRUPEN","Prunus_pensylvanica_MA_09"
"PRUPEN09_SH","20",9.5,4.94974746830583,3.5,"PRUPEN","Prunus_pensylvanica_QC_09"
"PRUPEN09_SH","15",12.5,0.707106781186548,0.5,"PRUPEN","Prunus_pensylvanica_QC_09"
"PRUPEN09_SH","chill0",11,3.36650164612069,1.68325082306035,"PRUPEN","Prunus_pensylvanica_QC_09"
"PRUPEN09_SH","12",12.5,0.707106781186548,0.5,"PRUPEN","Prunus_pensylvanica_QC_09"
"PRUPEN09_SH","08",9.5,4.94974746830583,3.5,"PRUPEN","Prunus_pensylvanica_QC_09"
"PRUPEN12_HF","20",15.5,3.53553390593274,2.5,"PRUPEN","Prunus_pensylvanica_MA_12"
"PRUPEN12_HF","chill0",18,3.55902608401044,1.77951304200522,"PRUPEN","Prunus_pensylvanica_MA_12"
"PRUPEN12_HF","12",16.5,4.94974746830583,3.5,"PRUPEN","Prunus_pensylvanica_MA_12"
"PRUPEN12_HF","15",20.5,0.707106781186548,0.5,"PRUPEN","Prunus_pensylvanica_MA_12"
"PRUPEN12_HF","08",19.5,2.12132034355964,1.5,"PRUPEN","Prunus_pensylvanica_MA_12"
"PRUPEN13_HF","20",12.5,0.707106781186548,0.5,"PRUPEN","Prunus_pensylvanica_MA_13"
"PRUPEN13_HF","12",16.5,4.94974746830583,3.5,"PRUPEN","Prunus_pensylvanica_MA_13"
"PRUPEN13_HF","chill0",16.5,4.65474668125631,2.32737334062816,"PRUPEN","Prunus_pensylvanica_MA_13"
"PRUPEN13_HF","08",16.5,6.36396103067893,4.5,"PRUPEN","Prunus_pensylvanica_MA_13"
"PRUPEN13_HF","15",20.5,0.707106781186548,0.5,"PRUPEN","Prunus_pensylvanica_MA_13"
"QUERUB04_SH","15",34.8333333333333,18.0822196277633,7.38203525082646,"QUERUB","Quercus_rubra_QC_04"
"QUERUB04_SH","08",36,16.8166584076623,6.86537204624289,"QUERUB","Quercus_rubra_QC_04"
"QUERUB04_SH","chill0",47.5,13.7719521734091,6.88597608670453,"QUERUB","Quercus_rubra_QC_04"
"QUERUB04_SH","chill1",21.5,3.1091263510296,1.5545631755148,"QUERUB","Quercus_rubra_QC_04"
"QUERUB04_SH","chill2",26,5.35412613473634,2.67706306736817,"QUERUB","Quercus_rubra_QC_04"
"QUERUB04_SH","12",27.3333333333333,10.8566415924385,4.43220537029191,"QUERUB","Quercus_rubra_QC_04"
"QUERUB04_SH","20",28.5,9.73139250056229,3.97282435218741,"QUERUB","Quercus_rubra_QC_04"
"QUERUB05_SH","chill2",27.75,3.5939764421413,1.79698822107065,"QUERUB","Quercus_rubra_QC_05"
"QUERUB05_SH","12",30.5,10.5971694333912,4.32627630493785,"QUERUB","Quercus_rubra_QC_05"
"QUERUB05_SH","20",30.8333333333333,7.19490560512552,2.93730791334136,"QUERUB","Quercus_rubra_QC_05"
"QUERUB05_SH","chill1",23.25,0.957427107756338,0.478713553878169,"QUERUB","Quercus_rubra_QC_05"
"QUERUB05_SH","08",36,16.8166584076623,6.86537204624289,"QUERUB","Quercus_rubra_QC_05"
"QUERUB05_SH","15",35.6666666666667,18.6404577912311,7.60993502673388,"QUERUB","Quercus_rubra_QC_05"
"QUERUB05_SH","chill0",48.75,13.4505266315735,6.72526331578673,"QUERUB","Quercus_rubra_QC_05"
"QUERUB06_SH","chill2",31.25,4.19324854180304,2.09662427090152,"QUERUB","Quercus_rubra_QC_06"
"QUERUB06_SH","chill1",25,3.46410161513775,1.73205080756888,"QUERUB","Quercus_rubra_QC_06"
"QUERUB06_SH","20",33.5,12.3733584769859,5.05140244552606,"QUERUB","Quercus_rubra_QC_06"
"QUERUB06_SH","15",37.4,17.9108905417905,7.31209044437134,"QUERUB","Quercus_rubra_QC_06"
"QUERUB06_SH","chill0",54.3333333333333,14.5716619962629,7.28583099813146,"QUERUB","Quercus_rubra_QC_06"
"QUERUB06_SH","12",29.8,7.72657750883274,3.1543620591175,"QUERUB","Quercus_rubra_QC_06"
"QUERUB06_SH","08",39.8333333333333,17.7585660081738,7.24990421392663,"QUERUB","Quercus_rubra_QC_06"
"QUERUB07_SH","chill1",18.25,3.947573094109,1.9737865470545,"QUERUB","Quercus_rubra_QC_07"
"QUERUB07_SH","chill2",20.3333333333333,5.5075705472861,2.75378527364305,"QUERUB","Quercus_rubra_QC_07"
"QUERUB07_SH","20",27.6666666666667,14.2079789789634,5.80038312910832,"QUERUB","Quercus_rubra_QC_07"
"QUERUB07_SH","chill0",47,11.2694276695846,5.63471383479232,"QUERUB","Quercus_rubra_QC_07"
"QUERUB07_SH","12",31,20.5791156272567,8.40138877408571,"QUERUB","Quercus_rubra_QC_07"
"QUERUB07_SH","15",27.25,18.1544301296773,7.41151506478639,"QUERUB","Quercus_rubra_QC_07"
"QUERUB07_SH","08",24,6.74536878161602,2.75378527364305,"QUERUB","Quercus_rubra_QC_07"
"QUERUB08_SH","chill1",27,3.46410161513775,1.73205080756888,"QUERUB","Quercus_rubra_QC_08"
"QUERUB08_SH","chill2",31.5,12.8192563486863,6.40962817434314,"QUERUB","Quercus_rubra_QC_08"
"QUERUB08_SH","chill0",57.75,13.7204227340122,6.86021136700612,"QUERUB","Quercus_rubra_QC_08"
"QUERUB08_SH","12",35.3333333333333,18.4137629686783,7.51738725296969,"QUERUB","Quercus_rubra_QC_08"
"QUERUB08_SH","20",31.3333333333333,14.6651514368815,5.98702300350053,"QUERUB","Quercus_rubra_QC_08"
"QUERUB08_SH","08",42.1666666666667,17.1162690638663,6.98768758444292,"QUERUB","Quercus_rubra_QC_08"
"QUERUB08_SH","15",46.1666666666667,17.6908639321732,7.22226495713852,"QUERUB","Quercus_rubra_QC_08"
"QUERUB10_SH","chill0",46,24.589970855344,12.294985427672,"QUERUB","Quercus_rubra_QC_10"
"QUERUB10_SH","chill1",27,3.46410161513775,1.73205080756888,"QUERUB","Quercus_rubra_QC_10"
"QUERUB10_SH","12",36,15.8902485820707,6.48716681867619,"QUERUB","Quercus_rubra_QC_10"
"QUERUB10_SH","20",26.8,10.6630202100531,4.35315977193578,"QUERUB","Quercus_rubra_QC_10"
"QUERUB10_SH","chill2",28,4.35889894354067,2.17944947177034,"QUERUB","Quercus_rubra_QC_10"
"QUERUB10_SH","08",32.6666666666667,18.5867336201568,7.58800222573622,"QUERUB","Quercus_rubra_QC_10"
"QUERUB10_SH","15",40.3333333333333,19.0438091427809,7.7746025264604,"QUERUB","Quercus_rubra_QC_10"
"QUERUB16_HF","12",29,7.51664818918645,3.06865877325366,"QUERUB","Quercus_rubra_MA_16"
"QUERUB16_HF","08",36,16.8166584076623,6.86537204624289,"QUERUB","Quercus_rubra_MA_16"
"QUERUB16_HF","15",34.3333333333333,17.8512371186612,7.28773703635848,"QUERUB","Quercus_rubra_MA_16"
"QUERUB16_HF","20",31,6.12372435695795,2.5,"QUERUB","Quercus_rubra_MA_16"
"QUERUB16_HF","chill0",45.25,15.5214904782584,7.76074523912921,"QUERUB","Quercus_rubra_MA_16"
"QUERUB16_HF","chill1",23,1,0.5,"QUERUB","Quercus_rubra_MA_16"
"QUERUB16_HF","chill2",27.75,3.5939764421413,1.79698822107065,"QUERUB","Quercus_rubra_MA_16"
"QUERUB17_HF","chill0",49.5,12.7932273749303,6.39661368746516,"QUERUB","Quercus_rubra_MA_17"
"QUERUB17_HF","chill1",26.75,4.42530601578392,2.21265300789196,"QUERUB","Quercus_rubra_MA_17"
"QUERUB17_HF","chill2",27.75,3.5939764421413,1.79698822107065,"QUERUB","Quercus_rubra_MA_17"
"QUERUB17_HF","20",32.5,7.12039324756716,2.90688837074973,"QUERUB","Quercus_rubra_MA_17"
"QUERUB17_HF","08",37.1666666666667,15.9551454605299,6.51366085836358,"QUERUB","Quercus_rubra_MA_17"
"QUERUB17_HF","12",32.1666666666667,10.6097439491567,4.33140982950253,"QUERUB","Quercus_rubra_MA_17"
"QUERUB17_HF","15",36.8333333333333,17.8932016885371,7.30486900027038,"QUERUB","Quercus_rubra_MA_17"
"QUERUB20_HF","chill1",27,3.46410161513775,1.73205080756888,"QUERUB","Quercus_rubra_MA_20"
"QUERUB20_HF","12",34.1666666666667,8.88631907297204,3.62782457005726,"QUERUB","Quercus_rubra_MA_20"
"QUERUB20_HF","chill2",34.75,7.41057802513857,3.70528901256928,"QUERUB","Quercus_rubra_MA_20"
"QUERUB20_HF","chill0",52.75,12.3119183449751,6.15595917248753,"QUERUB","Quercus_rubra_MA_20"
"QUERUB20_HF","08",42.1666666666667,17.1162690638663,6.98768758444292,"QUERUB","Quercus_rubra_MA_20"
"QUERUB20_HF","20",33.5,12.3733584769859,5.05140244552606,"QUERUB","Quercus_rubra_MA_20"
"QUERUB20_HF","15",42.8333333333333,14.3166569654604,5.84475073130678,"QUERUB","Quercus_rubra_MA_20"
"QUERUB21_HF","chill0",43,10,5,"QUERUB","Quercus_rubra_MA_21"
"QUERUB21_HF","12",30.2,5.06951674225463,2.06962154350339,"QUERUB","Quercus_rubra_MA_21"
"QUERUB21_HF","chill1",32.6666666666667,10.2632028788938,5.13160143944688,"QUERUB","Quercus_rubra_MA_21"
"QUERUB21_HF","chill2",37.25,7.41057802513857,3.70528901256928,"QUERUB","Quercus_rubra_MA_21"
"QUERUB21_HF","08",45,4.63680924774785,1.89296944860009,"QUERUB","Quercus_rubra_MA_21"
"QUERUB21_HF","20",33.6,8.35463942968217,3.41076726460973,"QUERUB","Quercus_rubra_MA_21"
"QUERUB21_HF","15",41.6,8.61974477580398,3.51899606895679,"QUERUB","Quercus_rubra_MA_21"
"QUERUB23_HF","12",35.3333333333333,9.72967967955095,3.97212509593766,"QUERUB","Quercus_rubra_MA_23"
"QUERUB23_HF","20",35.3333333333333,11.6733314296591,4.76561760017641,"QUERUB","Quercus_rubra_MA_23"
"QUERUB23_HF","chill0",52.75,14.5459043491057,7.27295217455287,"QUERUB","Quercus_rubra_MA_23"
"QUERUB23_HF","08",46.1666666666667,14.8380142427033,6.05759394846208,"QUERUB","Quercus_rubra_MA_23"
"QUERUB23_HF","15",46.1666666666667,13.3628839202721,5.45537451611813,"QUERUB","Quercus_rubra_MA_23"
"QUERUB23_HF","chill1",32.25,8.42120339777319,4.21060169888659,"QUERUB","Quercus_rubra_MA_23"
"QUERUB23_HF","chill2",37.25,7.41057802513857,3.70528901256928,"QUERUB","Quercus_rubra_MA_23"
"SPIALB01_HF","12",15,4.24264068711928,3,"SPIALB","Spiraea_alba_MA_01"
"SPIALB01_HF","20",22,5.65685424949238,4,"SPIALB","Spiraea_alba_MA_01"
"SPIALB01_HF","08",23.5,3.53553390593274,2.5,"SPIALB","Spiraea_alba_MA_01"
"SPIALB01_HF","15",16.5,6.36396103067893,4.5,"SPIALB","Spiraea_alba_MA_01"
"SPIALB01_HF","chill0",19.25,5.85234995535981,2.92617497767991,"SPIALB","Spiraea_alba_MA_01"
"SPIALB03_HF","12",16.5,4.94974746830583,3.5,"SPIALB","Spiraea_alba_MA_03"
"SPIALB03_HF","20",12.5,0.707106781186548,0.5,"SPIALB","Spiraea_alba_MA_03"
"SPIALB03_HF","chill0",19.5,9.67815409397198,4.83907704698599,"SPIALB","Spiraea_alba_MA_03"
"SPIALB03_HF","08",22.5,14.8492424049175,10.5,"SPIALB","Spiraea_alba_MA_03"
"SPIALB03_HF","15",26.5,9.19238815542512,6.5,"SPIALB","Spiraea_alba_MA_03"
"SPIALB03_SH","08",47.5,28.9913780286484,20.5,"SPIALB","Spiraea_alba_QC_03"
"SPIALB03_SH","12",16.5,4.94974746830583,3.5,"SPIALB","Spiraea_alba_QC_03"
"SPIALB03_SH","chill0",32,24.6711707599511,12.3355853799756,"SPIALB","Spiraea_alba_QC_03"
"SPIALB03_SH","20",20,9.89949493661167,7,"SPIALB","Spiraea_alba_QC_03"
"SPIALB03_SH","15",44,33.9411254969543,24,"SPIALB","Spiraea_alba_QC_03"
"SPIALB04_HF","12",16.5,4.94974746830583,3.5,"SPIALB","Spiraea_alba_MA_04"
"SPIALB04_HF","20",12.5,0.707106781186548,0.5,"SPIALB","Spiraea_alba_MA_04"
"SPIALB04_HF","chill0",14.5,3.69684550213647,1.84842275106824,"SPIALB","Spiraea_alba_MA_04"
"SPIALB04_HF","08",12.5,0.707106781186548,0.5,"SPIALB","Spiraea_alba_MA_04"
"SPIALB04_HF","15",16.5,4.94974746830583,3.5,"SPIALB","Spiraea_alba_MA_04"
"SPIALB05_HF","12",18,NA,NA,"SPIALB","Spiraea_alba_MA_05"
"SPIALB05_HF","20",18,NA,NA,"SPIALB","Spiraea_alba_MA_05"
"SPIALB05_HF","chill0",15.5,3.53553390593274,1.76776695296637,"SPIALB","Spiraea_alba_MA_05"
"SPIALB05_HF","08",13,NA,NA,"SPIALB","Spiraea_alba_MA_05"
"SPIALB05_HF","15",13,NA,NA,"SPIALB","Spiraea_alba_MA_05"
"SPIALB06_HF","chill0",20,7.07106781186548,3.53553390593274,"SPIALB","Spiraea_alba_MA_06"
"SPIALB06_HF","12",23.5,7.77817459305202,5.5,"SPIALB","Spiraea_alba_MA_06"
"SPIALB06_HF","20",15,4.24264068711928,3,"SPIALB","Spiraea_alba_MA_06"
"SPIALB06_HF","08",16.5,6.36396103067893,4.5,"SPIALB","Spiraea_alba_MA_06"
"SPIALB06_HF","15",25,5.65685424949238,4,"SPIALB","Spiraea_alba_MA_06"
"SPIALB06_SH","chill0",16,5.65685424949238,2.82842712474619,"SPIALB","Spiraea_alba_QC_06"
"SPIALB06_SH","20",12,NA,NA,"SPIALB","Spiraea_alba_QC_06"
"SPIALB06_SH","12",20,NA,NA,"SPIALB","Spiraea_alba_QC_06"
"SPIALB06_SH","15",20,NA,NA,"SPIALB","Spiraea_alba_QC_06"
"SPIALB06_SH","08",12,NA,NA,"SPIALB","Spiraea_alba_QC_06"
"SPIALB07_SH","20",13,0,0,"SPIALB","Spiraea_alba_QC_07"
"SPIALB07_SH","15",20.5,0.707106781186548,0.5,"SPIALB","Spiraea_alba_QC_07"
"SPIALB07_SH","chill0",16.75,4.3493294502333,2.17466472511665,"SPIALB","Spiraea_alba_QC_07"
"SPIALB07_SH","12",16.5,4.94974746830583,3.5,"SPIALB","Spiraea_alba_QC_07"
"SPIALB07_SH","08",17,5.65685424949238,4,"SPIALB","Spiraea_alba_QC_07"
"SPIALB08_HF","12",NA,NA,NA,"SPIALB","Spiraea_alba_MA_08"
"SPIALB08_HF","15",NA,NA,NA,"SPIALB","Spiraea_alba_MA_08"
"SPIALB08_HF","20",NA,NA,NA,"SPIALB","Spiraea_alba_MA_08"
"SPIALB08_HF","chill0",NA,NA,NA,"SPIALB","Spiraea_alba_MA_08"
"SPIALB08_HF","08",NA,NA,NA,"SPIALB","Spiraea_alba_MA_08"
"VACMYR01_HF","chill0",10.75,3.20156211871642,1.60078105935821,"VACMYR","Vaccinium_myrtilloides_MA_01"
"VACMYR01_HF","08",12.5,0.707106781186548,0.5,"VACMYR","Vaccinium_myrtilloides_MA_01"
"VACMYR01_HF","15",12.5,0.707106781186548,0.5,"VACMYR","Vaccinium_myrtilloides_MA_01"
"VACMYR01_HF","20",9,4.24264068711928,3,"VACMYR","Vaccinium_myrtilloides_MA_01"
"VACMYR01_HF","12",9,4.24264068711928,3,"VACMYR","Vaccinium_myrtilloides_MA_01"
"VACMYR02_SH","20",12.5,0.707106781186548,0.5,"VACMYR","Vaccinium_myrtilloides_QC_02"
"VACMYR02_SH","12",16.5,4.94974746830583,3.5,"VACMYR","Vaccinium_myrtilloides_QC_02"
"VACMYR02_SH","08",12.5,0.707106781186548,0.5,"VACMYR","Vaccinium_myrtilloides_QC_02"
"VACMYR02_SH","chill0",14.5,3.69684550213647,1.84842275106824,"VACMYR","Vaccinium_myrtilloides_QC_02"
"VACMYR02_SH","15",16.5,4.94974746830583,3.5,"VACMYR","Vaccinium_myrtilloides_QC_02"
"VACMYR03_HF","08",12.5,0.707106781186548,0.5,"VACMYR","Vaccinium_myrtilloides_MA_03"
"VACMYR03_HF","20",12.5,0.707106781186548,0.5,"VACMYR","Vaccinium_myrtilloides_MA_03"
"VACMYR03_HF","12",12.5,0.707106781186548,0.5,"VACMYR","Vaccinium_myrtilloides_MA_03"
"VACMYR03_HF","chill0",12.5,0.577350269189626,0.288675134594813,"VACMYR","Vaccinium_myrtilloides_MA_03"
"VACMYR03_HF","15",12.5,0.707106781186548,0.5,"VACMYR","Vaccinium_myrtilloides_MA_03"
"VACMYR03_SH","12",6,NA,NA,"VACMYR","Vaccinium_myrtilloides_QC_03"
"VACMYR03_SH","08",24,4.24264068711928,3,"VACMYR","Vaccinium_myrtilloides_QC_03"
"VACMYR03_SH","20",16.5,14.8492424049175,10.5,"VACMYR","Vaccinium_myrtilloides_QC_03"
"VACMYR03_SH","15",21,NA,NA,"VACMYR","Vaccinium_myrtilloides_QC_03"
"VACMYR03_SH","chill0",18,10.816653826392,5.40832691319598,"VACMYR","Vaccinium_myrtilloides_QC_03"
"VACMYR04_SH","20",12.5,0.707106781186548,0.5,"VACMYR","Vaccinium_myrtilloides_QC_04"
"VACMYR04_SH","12",16.5,4.94974746830583,3.5,"VACMYR","Vaccinium_myrtilloides_QC_04"
"VACMYR04_SH","08",22.5,14.8492424049175,10.5,"VACMYR","Vaccinium_myrtilloides_QC_04"
"VACMYR04_SH","chill0",19.5,9.67815409397198,4.83907704698599,"VACMYR","Vaccinium_myrtilloides_QC_04"
"VACMYR04_SH","15",26.5,9.19238815542512,6.5,"VACMYR","Vaccinium_myrtilloides_QC_04"
"VACMYR05_HF","20",13,0,0,"VACMYR","Vaccinium_myrtilloides_MA_05"
"VACMYR05_HF","12",12.5,0.707106781186548,0.5,"VACMYR","Vaccinium_myrtilloides_MA_05"
"VACMYR05_HF","08",13,0,0,"VACMYR","Vaccinium_myrtilloides_MA_05"
"VACMYR05_HF","chill0",12.75,0.5,0.25,"VACMYR","Vaccinium_myrtilloides_MA_05"
"VACMYR05_HF","15",12.5,0.707106781186548,0.5,"VACMYR","Vaccinium_myrtilloides_MA_05"
"VACMYR05_SH","08",17,5.65685424949238,4,"VACMYR","Vaccinium_myrtilloides_QC_05"
"VACMYR05_SH","20",13,0,0,"VACMYR","Vaccinium_myrtilloides_QC_05"
"VACMYR05_SH","12",16.5,4.94974746830583,3.5,"VACMYR","Vaccinium_myrtilloides_QC_05"
"VACMYR05_SH","chill0",16.75,4.3493294502333,2.17466472511665,"VACMYR","Vaccinium_myrtilloides_QC_05"
"VACMYR05_SH","15",20.5,0.707106781186548,0.5,"VACMYR","Vaccinium_myrtilloides_QC_05"
"VACMYR07_HF","15",22.5,14.8492424049175,10.5,"VACMYR","Vaccinium_myrtilloides_MA_07"
"VACMYR07_HF","12",12.5,0.707106781186548,0.5,"VACMYR","Vaccinium_myrtilloides_MA_07"
"VACMYR07_HF","20",12.5,0.707106781186548,0.5,"VACMYR","Vaccinium_myrtilloides_MA_07"
"VACMYR07_HF","chill0",17.5,10.3440804327886,5.1720402163943,"VACMYR","Vaccinium_myrtilloides_MA_07"
"VACMYR07_HF","08",22.5,14.8492424049175,10.5,"VACMYR","Vaccinium_myrtilloides_MA_07"
"VACMYR07_SH","chill0",19,11.2694276695846,5.63471383479232,"VACMYR","Vaccinium_myrtilloides_QC_07"
"VACMYR07_SH","20",12.5,0.707106781186548,0.5,"VACMYR","Vaccinium_myrtilloides_QC_07"
"VACMYR07_SH","12",22.5,13.4350288425444,9.5,"VACMYR","Vaccinium_myrtilloides_QC_07"
"VACMYR07_SH","08",12,NA,NA,"VACMYR","Vaccinium_myrtilloides_QC_07"
"VACMYR07_SH","15",32,NA,NA,"VACMYR","Vaccinium_myrtilloides_QC_07"
"VACMYR08_SH","chill0",16.5,4.65474668125631,2.32737334062816,"VACMYR","Vaccinium_myrtilloides_QC_08"
"VACMYR08_SH","08",16.5,6.36396103067893,4.5,"VACMYR","Vaccinium_myrtilloides_QC_08"
"VACMYR08_SH","20",12.5,0.707106781186548,0.5,"VACMYR","Vaccinium_myrtilloides_QC_08"
"VACMYR08_SH","12",16.5,4.94974746830583,3.5,"VACMYR","Vaccinium_myrtilloides_QC_08"
"VACMYR08_SH","15",20.5,0.707106781186548,0.5,"VACMYR","Vaccinium_myrtilloides_QC_08"
"VACMYR10_HF","chill0",12.5,0.577350269189626,0.288675134594813,"VACMYR","Vaccinium_myrtilloides_MA_10"
"VACMYR10_HF","12",12.5,0.707106781186548,0.5,"VACMYR","Vaccinium_myrtilloides_MA_10"
"VACMYR10_HF","08",12.5,0.707106781186548,0.5,"VACMYR","Vaccinium_myrtilloides_MA_10"
"VACMYR10_HF","20",12.5,0.707106781186548,0.5,"VACMYR","Vaccinium_myrtilloides_MA_10"
"VACMYR10_HF","15",12.5,0.707106781186548,0.5,"VACMYR","Vaccinium_myrtilloides_MA_10"
"VIBLAN02_SH","chill1",32.6666666666667,10.2632028788938,5.13160143944688,"VIBLAN","Viburnum_lantanoides_QC_02"
"VIBLAN02_SH","12",41.25,27.2197844713485,11.1124304772228,"VIBLAN","Viburnum_lantanoides_QC_02"
"VIBLAN02_SH","chill2",31.6666666666667,10.785793124909,5.39289656245448,"VIBLAN","Viburnum_lantanoides_QC_02"
"VIBLAN02_SH","chill0",48.5,31.2996272608264,15.6498136304132,"VIBLAN","Viburnum_lantanoides_QC_02"
"VIBLAN02_SH","20",23.8,3.4928498393146,1.42594997574716,"VIBLAN","Viburnum_lantanoides_QC_02"
"VIBLAN02_SH","15",53.6,20.9475535564419,8.5518029288176,"VIBLAN","Viburnum_lantanoides_QC_02"
"VIBLAN02_SH","08",37,18.7509999733348,7.65506368360186,"VIBLAN","Viburnum_lantanoides_QC_02"
"VIBLAN03_HF","12",21.25,6.9940450861191,2.8553069498353,"VIBLAN","Viburnum_lantanoides_MA_03"
"VIBLAN03_HF","08",40.75,10.7509689485801,4.3890646940879,"VIBLAN","Viburnum_lantanoides_MA_03"
"VIBLAN03_HF","chill1",28.75,15.7770930993852,7.88854654969258,"VIBLAN","Viburnum_lantanoides_MA_03"
"VIBLAN03_HF","20",33.25,19.5512147960172,7.98175001696579,"VIBLAN","Viburnum_lantanoides_MA_03"
"VIBLAN03_HF","15",28.75,4.7169905660283,1.92570333471522,"VIBLAN","Viburnum_lantanoides_MA_03"
"VIBLAN03_HF","chill0",33,NA,NA,"VIBLAN","Viburnum_lantanoides_MA_03"
"VIBLAN03_HF","chill2",33.3333333333333,15.2752523165195,7.63762615825973,"VIBLAN","Viburnum_lantanoides_MA_03"
"VIBLAN04_SH","12",28.6666666666667,12.5166555703457,5.10990323891863,"VIBLAN","Viburnum_lantanoides_QC_04"
"VIBLAN04_SH","chill0",34,9.2736184954957,4.63680924774785,"VIBLAN","Viburnum_lantanoides_QC_04"
"VIBLAN04_SH","20",25.2,7.08519583356734,2.89251908665555,"VIBLAN","Viburnum_lantanoides_QC_04"
"VIBLAN04_SH","15",34.3333333333333,11.8771489283694,4.84882574559152,"VIBLAN","Viburnum_lantanoides_QC_04"
"VIBLAN04_SH","08",32,8.94427190999916,3.65148371670111,"VIBLAN","Viburnum_lantanoides_QC_04"
"VIBLAN04_SH","chill1",22.25,7.36545993132812,3.68272996566406,"VIBLAN","Viburnum_lantanoides_QC_04"
"VIBLAN04_SH","chill2",35.6666666666667,12.5033328890074,6.25166644450368,"VIBLAN","Viburnum_lantanoides_QC_04"
"VIBLAN05_SH","20",17.5,5.9916608715781,2.44608530786098,"VIBLAN","Viburnum_lantanoides_QC_05"
"VIBLAN05_SH","chill0",25,9.12870929175277,4.56435464587638,"VIBLAN","Viburnum_lantanoides_QC_05"
"VIBLAN05_SH","chill1",17.25,4.19324854180304,2.09662427090152,"VIBLAN","Viburnum_lantanoides_QC_05"
"VIBLAN05_SH","chill2",20.25,8.18026079453868,4.09013039726934,"VIBLAN","Viburnum_lantanoides_QC_05"
"VIBLAN05_SH","12",18.6666666666667,7.06163342766153,2.88289977472529,"VIBLAN","Viburnum_lantanoides_QC_05"
"VIBLAN05_SH","08",23,8,3.2659863237109,"VIBLAN","Viburnum_lantanoides_QC_05"
"VIBLAN05_SH","15",24.1666666666667,7.90990939686838,3.22920698899556,"VIBLAN","Viburnum_lantanoides_QC_05"
"VIBLAN06_SH","chill2",22.75,8.99536917900909,4.49768458950455,"VIBLAN","Viburnum_lantanoides_QC_06"
"VIBLAN06_SH","chill0",36.75,8.92094912738176,4.46047456369088,"VIBLAN","Viburnum_lantanoides_QC_06"
"VIBLAN06_SH","chill1",18,5.56776436283002,2.78388218141501,"VIBLAN","Viburnum_lantanoides_QC_06"
"VIBLAN06_SH","12",21,10.3923048454133,4.24264068711929,"VIBLAN","Viburnum_lantanoides_QC_06"
"VIBLAN06_SH","08",33.2,8.52642949891688,3.48090026669347,"VIBLAN","Viburnum_lantanoides_QC_06"
"VIBLAN06_SH","20",23.6666666666667,8.64098759787715,3.52766841475279,"VIBLAN","Viburnum_lantanoides_QC_06"
"VIBLAN06_SH","15",30,13.729530217746,5.60505724026675,"VIBLAN","Viburnum_lantanoides_QC_06"
"VIBLAN07_SH","12",42.5,36.0624458405139,14.7224318643355,"VIBLAN","Viburnum_lantanoides_QC_07"
"VIBLAN07_SH","20",25,8.54400374531753,3.48807492274273,"VIBLAN","Viburnum_lantanoides_QC_07"
"VIBLAN07_SH","chill0",51,24.0416305603426,12.0208152801713,"VIBLAN","Viburnum_lantanoides_QC_07"
"VIBLAN07_SH","08",29.3333333333333,5.03322295684717,2.05480466765633,"VIBLAN","Viburnum_lantanoides_QC_07"
"VIBLAN07_SH","chill1",23.6666666666667,6.50640709864771,3.25320354932386,"VIBLAN","Viburnum_lantanoides_QC_07"
"VIBLAN07_SH","chill2",NA,NA,NA,"VIBLAN","Viburnum_lantanoides_QC_07"
"VIBLAN07_SH","15",49,26.8700576850888,10.9696551146029,"VIBLAN","Viburnum_lantanoides_QC_07"
"VIBLAN09_HF","20",24.5,12.6609636284131,5.16881675692481,"VIBLAN","Viburnum_lantanoides_MA_09"
"VIBLAN09_HF","12",29.8333333333333,16.8691039082302,6.88678283219224,"VIBLAN","Viburnum_lantanoides_MA_09"
"VIBLAN09_HF","08",30.1666666666667,19.436220483074,7.93480378529369,"VIBLAN","Viburnum_lantanoides_MA_09"
"VIBLAN09_HF","chill0",45.25,23.8240074994392,11.9120037497196,"VIBLAN","Viburnum_lantanoides_MA_09"
"VIBLAN09_HF","chill1",20.5,5.06622805119022,2.53311402559511,"VIBLAN","Viburnum_lantanoides_MA_09"
"VIBLAN09_HF","15",35.5,20.7243817760627,8.46069343099804,"VIBLAN","Viburnum_lantanoides_MA_09"
"VIBLAN09_HF","chill2",24.25,6.02079728939615,3.01039864469807,"VIBLAN","Viburnum_lantanoides_MA_09"
"VIBLAN10_HF","20",27.1666666666667,13.4077092251684,5.47367437021158,"VIBLAN","Viburnum_lantanoides_MA_10"
"VIBLAN10_HF","12",28.1666666666667,8.13428956127495,3.32080980752855,"VIBLAN","Viburnum_lantanoides_MA_10"
"VIBLAN10_HF","08",32.1666666666667,14.2886901662352,5.83333333333333,"VIBLAN","Viburnum_lantanoides_MA_10"
"VIBLAN10_HF","chill0",33,15.121728296285,7.5608641481425,"VIBLAN","Viburnum_lantanoides_MA_10"
"VIBLAN10_HF","15",33.1666666666667,8.86378399255457,3.61862466200136,"VIBLAN","Viburnum_lantanoides_MA_10"
"VIBLAN10_HF","chill2",34.25,10.5948100502085,5.29740502510427,"VIBLAN","Viburnum_lantanoides_MA_10"
"VIBLAN10_HF","chill1",23.25,5.37742193496723,2.68871096748361,"VIBLAN","Viburnum_lantanoides_MA_10"
"VIBLAN11_HF","12",20,9.89949493661167,4.04145188432738,"VIBLAN","Viburnum_lantanoides_MA_11"
"VIBLAN11_HF","08",30.6666666666667,0.577350269189626,0.235702260395516,"VIBLAN","Viburnum_lantanoides_MA_11"
"VIBLAN11_HF","20",25.5,8.54400374531753,3.48807492274273,"VIBLAN","Viburnum_lantanoides_MA_11"
"VIBLAN11_HF","15",30,NA,NA,"VIBLAN","Viburnum_lantanoides_MA_11"
"VIBLAN11_HF","chill1",24.6666666666667,10.1159939369957,5.05799696849784,"VIBLAN","Viburnum_lantanoides_MA_11"
"VIBLAN11_HF","chill2",29,2.82842712474619,1.4142135623731,"VIBLAN","Viburnum_lantanoides_MA_11"
"VIBLAN11_HF","chill0",NA,NA,NA,"VIBLAN","Viburnum_lantanoides_MA_11"
"VIBLAN12_HF","chill2",NA,NA,NA,"VIBLAN","Viburnum_lantanoides_MA_12"
"VIBLAN12_HF","20",26.3333333333333,2.51661147842358,1.02740233382816,"VIBLAN","Viburnum_lantanoides_MA_12"
"VIBLAN12_HF","15",31,11.5758369027902,4.72581562625261,"VIBLAN","Viburnum_lantanoides_MA_12"
"VIBLAN12_HF","chill0",33.5,9.32737905308882,4.66368952654441,"VIBLAN","Viburnum_lantanoides_MA_12"
"VIBLAN12_HF","chill1",23,1,0.5,"VIBLAN","Viburnum_lantanoides_MA_12"
"VIBLAN12_HF","08",33,12.4899959967968,5.09901951359279,"VIBLAN","Viburnum_lantanoides_MA_12"
"VIBLAN12_HF","12",26,4.32049379893857,1.76383420737639,"VIBLAN","Viburnum_lantanoides_MA_12"
